{
  "port": "env(PORT)",
  "settings": {
    "loggerFormat": "tiny",
    "session": {
      "store": "@foal/typeorm",
      "csrf": {
        "enabled": true
      }
    },
    "disk": {
      "local": {
        "directory": "assets"
      }
    },
    "social": {
      "google": {
        "clientId": "env(GOOGLE_CLIENT_ID)",
        "clientSecret": "env(GOOGLE_CLIENT_SECRET)",
        "redirectUri": "http://localhost:3001/api/auth/google/callback"
      }
    }
  },
  "database": {
    "type": "mysql",
    "host": "env(DB_HOST)",
    "port": "env(DB_PORT)",
    "username": "env(DB_USERNAME)",
    "password": "env(DB_PASSWORD)",
    "database": "env(DB_NAME)"
  }
}
